{"id":"4114534d-b586-4859-9c6d-a5240c972626","revision":0,"last_node_id":260,"last_link_id":4418,"nodes":[],"links":[[4400,258,0,254,0,"IMAGE"],[4401,258,0,255,0,"IMAGE"],[4409,143,0,258,0,"MODEL"],[4410,143,1,258,1,"CLIP"],[4411,143,2,258,2,"VAE"],[4412,111,0,258,3,"LATENT"],[4415,114,0,258,4,"STRING"],[4416,110,0,258,5,"STRING"],[4417,259,1,258,6,"*"]],"groups":[],"config":{},"extra":{"ue_links":[],"links_added_by_ue":[],"workflowRendererVersion":"Vue","ds":{"scale":0.6830134553650709,"offset":[-1240.7108951664227,121.6167060075934]}},"version":0.4}